{"cameraMode":{"drawMode":0,"name":"Shaded","section":"Shading Mode"},"sceneLighting":false,"audioPlay":false,"sceneViewState":{"showFog":true,"showMaterialUpdate":false,"showSkybox":true,"showFlares":true,"showImageEffects":true,"showParticleSystems":true},"in2DMode":false,"pivot":{"x":49.5449333190918,"y":84.28792572021485,"z":114.6747817993164},"rotation":{"x":0.32117658853530886,"y":0.057611558586359027,"z":-0.01958201453089714,"w":0.9450711607933044},"size":56.178565979003909,"orthographic":false}