{"cameraMode":{"drawMode":0,"name":"Shaded","section":"Shading Mode"},"sceneLighting":true,"audioPlay":false,"sceneViewState":{"showFog":true,"showMaterialUpdate":false,"showSkybox":true,"showFlares":true,"showImageEffects":true,"showParticleSystems":true},"in2DMode":false,"pivot":{"x":101.76904296875,"y":241.86032104492188,"z":1.18194580078125},"rotation":{"x":-0.0044993627816438679,"y":-0.01649911142885685,"z":-0.00007425336661981419,"w":0.9998542070388794},"size":474.31982421875,"orthographic":true}