{"cameraMode":{"drawMode":0,"name":"Shaded","section":"Shading Mode"},"sceneLighting":false,"audioPlay":false,"sceneViewState":{"showFog":true,"showMaterialUpdate":false,"showSkybox":true,"showFlares":true,"showImageEffects":true,"showParticleSystems":true},"in2DMode":false,"pivot":{"x":47.409996032714847,"y":41.72999954223633,"z":136.3699951171875},"rotation":{"x":0.004827203694730997,"y":0.593972384929657,"z":-0.003563489532098174,"w":0.8044647574424744},"size":27.523967742919923,"orthographic":false}